book_author,book_info,book_name,img_url
（苏）高尔基,暂缺简介...,在人间（名家精读版）,https://a.dushu.com/img/n142.png
（苏）高尔基,暂缺简介...,我的大学（名家精读版）,https://a.dushu.com/img/n142.png
（苏）高尔基,暂缺简介...,母亲（名家精读版）,https://a.dushu.com/img/n142.png
（英）狄更斯,暂缺简介...,大卫 科波菲尔（名家精读版）,https://a.dushu.com/img/n142.png
（法）大仲马,暂缺简介...,基督山伯爵（名家精读版）,https://a.dushu.com/img/n142.png
（法）大仲马,暂缺简介...,三个火枪手（名家精读版）,https://a.dushu.com/img/n142.png
（瑞士）赫尔曼·黑塞,暂缺简介...,荒原狼,https://a.dushu.com/img/n142.png
杨令侠，朱佳寅,暂缺简介...,中国世界史学界的拓荒者：杨生茂先生百年诞辰纪念文集,https://a.dushu.com/img/n142.png
格林兄弟等,“世界名著好享读”系列的第二辑，共5个分册：《格林童话》《爱丽丝漫游仙境…,世界名著好享读 第二辑（精装全5册）,https://a.dushu.com/img/n142.png
普雷斯科特·霍姆斯,暂缺简介...,世界名著好享读 第二辑  冰海惊魂：北极探险故事,https://a.dushu.com/img/n142.png
伊丽莎白-盖斯凯尔，柯艾略 译,暂缺简介...,南方与北方,https://a.dushu.com/img/n142.png
（明）吴承恩,暂缺简介...,西游记（无障碍阅读版上下）,https://a.dushu.com/img/n142.png
（清）曹雪芹,暂缺简介...,红楼梦（无障碍阅读版上下）,https://a.dushu.com/img/n142.png
（明）施耐庵,暂缺简介...,水浒传（无障碍阅读版上下）,https://a.dushu.com/img/n142.png
佚名 著，郅溥浩 葛铁鹰 杨言洪 李唯中 陆…,《一千零一夜》是古代阿拉伯的一部民间故事集。故事的起因是一位国王因王后与…,一千零一夜（插图版 全译本）,https://a.dushu.com/img/n142.png
（明）罗贯中,暂缺简介...,三国演义（无障碍阅读版 上下）,https://a.dushu.com/img/n142.png
华玮,《海内外中国戏剧史家自选集 华玮卷》收录了我国台湾著名学者华玮教授的十三…,海内外中国戏剧史家自选集 华玮卷,https://a.dushu.com/img/n142.png
[日本] ,暂缺简介...,文学名著·经典译林：我是猫（新版）,https://a.dushu.com/img/n142.png
果麦文化 出品；（德）歌德 著,暂缺简介...,少年维特之烦恼,https://a.dushu.com/img/n142.png
施耐庵，罗贯中，吴承恩，曹雪芹，高鹗,使用岳麓书社畅销多年的经典版本，以确保文本的严谨性与权威性。邀请播音主持…,四大名著（名家演播阅读无障碍版共4册 精装）,https://a.dushu.com/img/n142.png
（美）海明威,暂缺简介...,老人与海,https://a.dushu.com/img/n142.png
（美）莱曼·鲍姆 著；周冬霞 译,暂缺简介...,绿野仙踪,https://a.dushu.com/img/n142.png
（法），雨果,《巴黎圣母院》是法国作家维克多&middot;雨果第一部大型浪漫主义小说。小…,巴黎圣母院,https://a.dushu.com/img/n142.png
（明）吴承恩,暂缺简介...,西游记,https://a.dushu.com/img/n142.png
（明）吴承恩,暂缺简介...,西游记,https://a.dushu.com/img/n142.png
（明）施耐庵,暂缺简介...,水浒传,https://a.dushu.com/img/n142.png
（清）曹雪芹,暂缺简介...,红楼梦,https://a.dushu.com/img/n142.png
毛姆,暂缺简介...,中译经典世界文学名著典藏版：月亮和六便士,https://a.dushu.com/img/n142.png
[法] 维克多-雨果 著，潘丽珍 译,暂缺简介...,悲惨世界,https://a.dushu.com/img/n142.png
[黎巴嫩] ,暂缺简介...,纪伯伦散文诗经典,https://a.dushu.com/img/n142.png
暂缺作者,暂缺简介...,搜神记（注释本）,https://a.dushu.com/img/n142.png
[美] ,84天了 ，老人一条鱼都没有打到。第85天，老人决定再次出海。经历了两天两夜…,老人与海（全新版本）,https://a.dushu.com/img/n142.png
[法] ,故事发生在十七世纪末的英国，主人公关伯兰是英国上议员的儿子，是财产和爵位…,笑面人（全二册）,https://a.dushu.com/img/n142.png
 著,暂缺简介...,局外人,https://a.dushu.com/img/n142.png
[法] ,暂缺简介...,海底两万里,https://a.dushu.com/img/n142.png
果麦文化 出品；（英）杰弗雷·乔叟 著…,暂缺简介...,坎特伯雷故事,https://a.dushu.com/img/n142.png
[日] ,暂缺简介...,我是猫,https://a.dushu.com/img/n142.png
[日] ,暂缺简介...,我是猫,https://a.dushu.com/img/n142.png
[法] ,《名人传》是法国作家罗曼`罗兰所著的《贝多芬传》《米开朗琪罗传》和《托尔…,名人传,https://a.dushu.com/img/n142.png
（明）施耐庵,《水浒传（古典文学名著 全本无障碍阅读）》是由作者在《宣和遗事》及相关话…,水浒传（精）,https://a.dushu.com/img/n142.png
[美] ,《瓦尔登湖》记录了作者隐居瓦尔登湖畔，与大自然水乳交融，在田园生活中感知…,瓦尔登湖,https://a.dushu.com/img/n142.png
[俄罗斯] ,《对马》又名《日本海海战》，反映日俄战争的长篇历史小说，揭示了俄国失败的…,对马：日本海海战,https://a.dushu.com/img/n142.png
 著，,5世纪的巴黎，在愚人节那一天。巴黎民众抬着残废畸形的“愚人之王”——巴黎…,巴黎圣母院,https://a.dushu.com/img/n142.png
[奥地利] ,本书收入茨威格*具代表性的中短篇小说七篇，包括《一个陌生女人的来信》《一…,一个陌生女人的来信,https://a.dushu.com/img/n142.png
[俄] ,暂缺简介...,三联精选：父与子,https://a.dushu.com/img/n142.png
[德国] 古斯塔夫·施瓦布 著，曹乃云 …,暂缺简介...,希腊古典神话（新版）,https://a.dushu.com/img/n142.png
萨孟武,暂缺简介...,水浒传与中国社会,https://a.dushu.com/img/n142.png
方豪,暂缺简介...,红楼梦西洋名物考（精）,https://a.dushu.com/img/n142.png
（英）莎士比亚,暂缺简介...,莎士比亚四大悲剧,https://a.dushu.com/img/n142.png
[美] ,《南方与北方》是盖斯凯尔夫人的代表作，也是她*重要的作品，讲述了英国南部…,名著名译精装：南方与北方,https://a.dushu.com/img/n142.png
[美] ,本书包含三部分——《我的人生故事》《假如给我三天光明》《海伦`凯勒书信选…,假如给我三天光明,https://a.dushu.com/img/n142.png
[美] ,欧·亨利，美国短篇小说巨匠，被誉为美国的莫泊桑。一生创作短篇小说近三…,文学名著·经典译林：欧·亨利短篇小说选,https://a.dushu.com/img/n142.png
[美] ,尼克从中西部故乡来到纽约，在他住所旁边正是本书主人公盖茨比的豪华宅第。这…,了不起的盖茨比,https://a.dushu.com/img/n142.png
[俄] ,本书所选的作品来自契诃夫创作的前后两个时期。在早期作品中，除了中国读者比…,契诃夫短篇小说集,https://a.dushu.com/img/n142.png
[俄罗斯] ,《赤恋》的主人公华茜丽莎是一位典型的女革命家，她为了革命胜利和社会的幸福…,俄苏文学经典译著·赤恋,https://a.dushu.com/img/n142.png
[德] ,《安妮日记》为犹太女孩安妮&middot;弗兰克的日记。这本日记记录了她在1…,安妮日记,https://a.dushu.com/img/n142.png
[日] ,《罗生门》不仅收录了芥川龙之介的经典名篇（如《罗生门》《竹林中》《地狱变…,罗生门,https://a.dushu.com/img/n142.png
[美] 厄尼斯特·海明威 著；李继宏 译…,《老人与海》讲述一个老人独自在海上捕鱼，接连几个月没有收获，后来他钓到一…,老人与海,https://a.dushu.com/img/n142.png
[意] ,《爱的教育》是意大利作家埃迪蒙托&middot;德&middot;亚米契斯创作的…,爱的教育,https://a.dushu.com/img/n142.png
[美] ,本书是一本历险类小说，主要讲述了发生在美国男孩汤姆.索亚身上的一系列故事…,汤姆·索亚历险记（精装版）,https://a.dushu.com/img/n142.png
[美] 欧内斯特·米勒·海明威 著，…,本书收录了美国“文坛硬汉”海明威的几部中短篇小说，其中以《老人与海》为代…,老人与海（精装版）,https://a.dushu.com/img/n142.png
（美）,《汤姆·索亚历险记（全译本）/大悦读》所叙述的大多数历险故事都实有其…,汤姆-索亚历险记（全译本 精）,https://a.dushu.com/img/n142.png
（法）,《海底两万里》描写的是法国博物学家阿罗纳克斯教授应邀登上一艘驱逐舰，参与…,海底两万里（全译本 精）,https://a.dushu.com/img/n142.png
[法] ,“世界文学经典名译文库：有声导读版”选取广为人知的经典名著书目，由国内第…,莫泊桑中短篇小说精选,https://a.dushu.com/img/n142.png
[英] ,“世界文学经典名译文库：有声导读版”选取广为人知的经典名著书目，由国内第…,双城记,https://a.dushu.com/img/n142.png
[苏] ,《童年》是高尔基自传体三部曲中的开篇之作，讲述了主人公阿廖沙童年时期苦难…,童年,https://a.dushu.com/img/n142.png
[俄罗斯] ,《城与年》中描写的主人公安德烈是一位心地善良、感情丰富，曾留学德国的青年…,俄苏文学经典译著·城与年,https://a.dushu.com/img/n142.png
[俄罗斯] ,小说中的故事发生在1918年，帝国主义和白匪用各种手段颠覆苏维埃政权，企图占…,俄苏文学经典译著·保卫察里津,https://a.dushu.com/img/n142.png
[俄罗斯] ,《前夜》反映的是改革的“前夜”。1853年夏，两名贵族青年舒宾和别尔谢涅夫在…,俄苏文学经典译著·前夜,https://a.dushu.com/img/n142.png
[英] ,王尔德童话与短篇小说中文全译本　完整收录9篇童话及5篇短篇小说　《快乐王子…,作家榜经典：夜莺与玫瑰（新版未删节珍藏套装）,https://a.dushu.com/img/n142.png
[俄] ,《安娜&middot;卡列尼娜》小说由两条平行的线索构成：一条是安娜追求爱情…,安娜·卡列尼娜,https://a.dushu.com/img/n142.png
[苏] ,阿廖沙三岁时父亲去世，母亲带他到外祖父家生活。在这里，家庭成员为争夺利益…,童年,https://a.dushu.com/img/n142.png
[俄罗斯] ,《爱的分野》是潘特里芒·罗曼诺夫的一部长篇小说，主旨在于描写新旧恋爱…,俄苏文学经典译著·爱的分野,https://a.dushu.com/img/n142.png
 著,出身没落名门的美丽姑娘古姆迪妮与专横的百万富翁默吐苏登结了婚，后者妄图将…,纠缠,https://a.dushu.com/img/n142.png
[德] ,《阴谋与爱情》是德国著名作家、诗人席勒青年时期创作的主要代表作，堪称德国…,阴谋与爱情,https://a.dushu.com/img/n142.png
[德] ,《歌德谈话录》是艾克曼辑录的关于歌德的言论和活动的集子，可以把它当作歌德…,歌德谈话录,https://a.dushu.com/img/n142.png
[英] ,书中的主人公“我”是伦敦怀才不遇的作家，偶然间认识了一位证券经纪人，对方…,月亮与六便士,https://a.dushu.com/img/n142.png
[日] ,《罗生门》是日本小说家芥川龙之介的作品，该书收录了他短暂一生中不同时期的…,罗生门,https://a.dushu.com/img/n142.png
[英] ,本书是乔治&middot;艾略特的经典之作，讲述弗洛斯河旁圣奥格镇上磨坊主杜…,弗洛斯河上的磨坊,https://a.dushu.com/img/n142.png
[捷克] 雅-哈谢克 著；萧乾 译,主人公帅克善良、勇敢、机智，貌似平凡且不露声色，看起来有些“愚昧”且滑稽…,好兵帅克,https://a.dushu.com/img/n142.png
[法] ,《悲惨世界》作为人类苦难的“百科全书”，是一部气势宏伟的鸿篇巨制，它以无…,悲惨世界（精装版 全三册）,https://a.dushu.com/img/n142.png
,《玄奘西游记》系所讲的内容，是普通百姓早已熟知的《西游记》故事的历史原型…,玄奘西游记（新版）,https://a.dushu.com/img/n142.png
 著,契诃夫是俄罗斯19世纪末期最后一位批判现实主义艺术大师，短篇小说巨匠，被称…,契诃夫短篇小说集,https://a.dushu.com/img/n142.png
[法] ,《莫泊桑中短篇小说集》为“世界短篇小说之王”、法国著名作家莫泊桑的中短篇…,莫泊桑短篇小说集,https://a.dushu.com/img/n142.png
[美] ,马克`吐温是美国批判现实主义文学的奠基人，世界知名的短篇小说大师。威廉&a…,马克·吐温短篇小说集,https://a.dushu.com/img/n142.png
（美）,《王子与贫儿（全译本）/世界文学名著》描写了穷孩子汤姆和王子爱德华因为一…,王子与贫儿（全译本）,https://a.dushu.com/img/n142.png
（法）,《茶花女（全译本）/中译经典文库·世界文学名著》是法国名作家亚历山大…,茶花女（精）,https://a.dushu.com/img/n142.png
（法国）,巴尔扎克1834年发表的长篇小说《经典译林：高老头》，可以说是《人间喜剧》的…,高老头（新版）,https://a.dushu.com/img/n142.png
（法）,《神秘岛（美绘版）/人生必读书》描写在美国南北战争的时候，有5名北军俘虏乘…,神秘岛（美绘版）,https://a.dushu.com/img/n142.png
,现代科幻小说的奠基人，被誉为“科学幻想小说的鼻祖”的法国作家凡尔纳用神来…,海底两万里,https://a.dushu.com/img/n142.png
,《艾丽丝漫游奇境记》讲述了英国小女孩艾丽丝在兔子洞中梦游的奇遇，充满了对…,艾丽丝漫游奇境记 鲁宾逊漂流记 汤姆 索亚历险记,https://a.dushu.com/img/n142.png
[美国] ,本书精选马克？吐温的24篇中短篇小说，都是脍炙人口之作，有《竞选州长》《被…,百万英镑（新版）,https://a.dushu.com/img/n142.png
[日] ,《我是猫》以一只猫的口吻，俯视着日本当时的社会，俯视着二十世纪所谓现代文…,我是猫,https://a.dushu.com/img/n142.png
[英] ,《远大前程》是狄更斯晚年写成的小说。故事背景为1812年圣诞节前夕至1840年冬…,文化伟人代表作图释书系：远大前程,https://a.dushu.com/img/n142.png
[法] 让—亨利·法布尔 著，陈筱卿 译…,《昆虫记》是法国杰出昆虫学家法布尔的传世佳作，它是一部专注研究昆虫世界的…,昆虫记,https://a.dushu.com/img/n142.png
[意] ,《十日谈》是欧洲文学史上的宏伟巨著。它讲述了10个青年男女在1348年佛罗伦萨…,十日谈（上下册 精装全译本）,https://a.dushu.com/img/n142.png
[法] 阿尔贝·加缪 著，李玉民 译,《局外人》是加缪的成名作，也是存在主义文学杰作，更是荒诞小说的代表作。小…,局外人,https://a.dushu.com/img/n142.png
[俄罗斯] ,《被侮辱与被损害的》是俄国伟大作家陀思妥耶夫斯基的代表作，作于1861年。本…,俄苏文学经典译著·被侮辱与被损害的,https://a.dushu.com/img/n142.png
[俄罗斯] ,《猎人日记》是由屠格涅夫的二十四篇短篇小说集成的。其作品的源泉取自俄国乡…,俄苏文学经典译著·猎人日记,https://a.dushu.com/img/n142.png
[英] ,一个名叫爱丽丝的英国小女孩为了追逐一只揣着怀表、会说话的兔子而不慎掉入了…,爱丽丝漫游奇境记,https://a.dushu.com/img/n142.png
[法] 罗曼·罗兰（Romain Rolland） 著…,《约翰&middot;克利斯朵夫》上中下三本共包含十卷，讲述了主人公约翰&am…,约翰·克里斯朵夫（全3册 2019版）,https://a.dushu.com/img/n142.png
[美] 弗·斯·菲茨杰拉德 著，一鸣…,《了不起的盖茨比》这部篇幅并不长的长篇小说，被公认为菲茨杰拉德杰出的代表…,了不起的盖茨比,https://a.dushu.com/img/n142.png
[英国] ,《呼啸山庄》描写的吉卜赛弃儿希刺克厉夫被山庄老主人收养后，因不堪受辱和恋…,呼啸山庄,https://a.dushu.com/img/n142.png
[美] ,本书收录美国当代作家海伦？凯勒的代表作《假如给我三天光明》《我的人生故事…,假如给我三天光明,https://a.dushu.com/img/n142.png
[奥] ,本集拟收录卡夫卡不同时期的短篇代表作15篇。后世文学的影响却是极为深远的。…,卡夫卡短篇小说精选,https://a.dushu.com/img/n142.png
[日] ,诞生于1000年前日本平安时代的《源氏物语》，是世界上*早的长篇小说。它以一…,源氏物语（全译彩插珍藏版）,https://a.dushu.com/img/n142.png
[法] ,本书完整收录了六本大象巴巴的经典故事，巴巴的故事、巴巴的旅行、国王巴巴、…,大象巴巴全集,https://a.dushu.com/img/n142.png
列夫·托尔斯泰 著，李宁浪 绘，大星文…,心灵救赎之书，托尔斯泰心血之作　富家子弟聂赫留多夫，去乡下亲戚家度假，结…,复活大星文化,https://a.dushu.com/img/n142.png
[俄] ,《当代英雄》是俄国著名作家莱蒙托夫创作的长篇小说。小说由四部相对独立却又…,当代英雄,https://a.dushu.com/img/n142.png
[美] ,本书讲述美国青年弗里德里克&middot;亨利在第一次世界大战后期志愿参加红…,永别了，武器,https://a.dushu.com/img/n142.png
[美] ,书中的主人公“我”是伦敦怀才不遇的作家，偶然间认识了一位证券经纪人，对方…,月亮和六便士,https://a.dushu.com/img/n142.png
[美国] ,《圣诞忆旧集》是美国作家卡坡蒂回忆童年往事的短篇故事集，是多年来人们在节…,圣诞忆旧集（译林纪念版）,https://a.dushu.com/img/n142.png
[美] F.S.菲茨杰拉德 著,“爵士乐时代”令人心碎的三角恋 《了不起的盖茨比》的姊妹篇，菲氏耗时九年…,菲茨杰拉德作品全集：夜色温柔（2017年新版）,https://a.dushu.com/img/n142.png
暂缺作者,《鲁滨孙飘流记》是英国作家丹尼尔&middot;笛福的一部长篇小说作品，主要…,鲁滨孙飘流记,https://a.dushu.com/img/n142.png
（法）,暂缺简介...,傅雷译巴尔扎克经典作品：欧也妮 葛朗台 于絮尔 弥罗埃,https://a.dushu.com/img/n142.png
暂缺作者,《西游记》是我国古代四大名著之一，在中国文学目前具有重要地位，在人民群众…,西游记（上中下）,https://a.dushu.com/img/n142.png
暂缺作者,《水浒传》是我国古代四大名著之一，在中国文学目前具有重要地位。蔡志忠先生…,水浒传,https://a.dushu.com/img/n142.png
暂缺作者,《三国演义》是我国古代四大名著之一，在中国文学目前具有重要地位。蔡志忠先…,三国演义,https://a.dushu.com/img/n142.png
（清）,《水浒后传》是《水浒传》的续书中成就很高的一部，内容承接《水浒传》而继续…,水浒后传,https://a.dushu.com/img/n142.png
（明）,暂缺简介...,水浒传（学生版）,https://a.dushu.com/img/n142.png
（法）,暂缺简介...,海底两万里（学生版）,https://a.dushu.com/img/n142.png
（美）,《太阳照常升起（美绘版）/人生必读书》以1924年至1925年这一历史时段和名城…,太阳照常升起（美绘版）,https://a.dushu.com/img/n142.png
（英）,《莎士比亚喜剧集（美绘版）/人生必读书》的内容摘要是：莎士比亚是举世公认…,莎士比亚喜剧集（美绘版）,https://a.dushu.com/img/n142.png
（英）,威廉·莎士比亚是举世公认的戏剧大师，他的剧作中蕴涵了丰富的人生哲理、…,莎士比亚悲剧集（美绘版）,https://a.dushu.com/img/n142.png
（英）,《双城记（美绘版）/人生必读书》以法国大革命为背景，围绕寓居巴黎的曼奈特…,双城记（美绘版）,https://a.dushu.com/img/n142.png
（法）,当时的社会流传“不读《红与黑》，就无法在政界混”的谚语，而该书则被许多国…,红与黑（精装 企鹅经典）,https://a.dushu.com/img/n142.png
（法）,当时的社会流传“不读《红与黑》，就无法在政界混”的谚语，而该书则被许多国…,红与黑（平装 企鹅经典）,https://a.dushu.com/img/n142.png
（英）,长篇小说。本书被公认是狄更斯*重要的代表作，作者自称这是他“*宠爱的孩子”…,大卫-科波菲尔（平装 企鹅经典）,https://a.dushu.com/img/n142.png
暂缺作者,暂缺简介...,百万英镑,https://a.dushu.com/img/n142.png
（英）狄更斯,暂缺简介...,匹克威克外传,https://a.dushu.com/img/n142.png
暂缺作者,《了不起的盖茨比（世界文学名著全译本）（精）/中译经典文库》是菲茨杰拉德…,了不起的盖茨比,https://a.dushu.com/img/n142.png
暂缺作者,《童年》的语言十分生动活泼，场面描写惟妙惟肖，活灵活现。例如在外祖父家打…,童年-在人间-我的大学,https://a.dushu.com/img/n142.png
[俄] 果戈理 著，满涛 许庆道 译,《死魂灵》的目标是“从一侧面来表现全俄罗斯”，它的出版“震撼了整个俄罗斯…,死魂灵,https://a.dushu.com/img/n142.png
[英] ,《格列佛游记》（1726）是游记体小说，作者以尖刻辛辣的讽刺文笔描述主人公格…,格列佛游记,https://a.dushu.com/img/n142.png
[法] 儒勒·凡尔纳 著，青闰，张连亮 …,作者以娴熟老道的手法稳扎稳打、丝丝入扣地描述了沉默寡言、处变不惊、严守时…,80天环游地球（第4版 英汉对照）,https://a.dushu.com/img/n142.png
[英] 丹尼尔·笛福 著，青闰，杨忻 译…,《鲁滨逊漂流记》英国著名作家丹尼尔·笛福的代表作，也是英国乃至欧洲文…,鲁滨逊漂流记（第4版 英汉对照）,https://a.dushu.com/img/n142.png
[俄] ,本文是契诃夫经典的中短篇小说合集。契诃夫的短篇小说大多是截取日常生活中的…,契诃夫短篇小说集,https://a.dushu.com/img/n142.png
[美] ,本书是欧&middot;亨利经典的短篇小说合集。他的故事展现出令人啼笑皆非的…,欧·亨利短篇小说集,https://a.dushu.com/img/n142.png
（德）歌德,暂缺简介...,少年维特的烦恼,https://a.dushu.com/img/n142.png
（法）巴尔扎克,暂缺简介...,高老头（精）,https://a.dushu.com/img/n142.png
（法）巴尔扎克,暂缺简介...,欧也妮 葛朗台（精）,https://a.dushu.com/img/n142.png
[苏] ,高尔基的《童年》主要讲述的是一个在灰色生活中如何成长的故事。书中，主人公…,童年：高尔基自传,https://a.dushu.com/img/n142.png
[法] ,《基督山伯爵》（1844—1845）又译《基督山恩仇记》。这部小说是大仲马作品中…,基督山伯爵,https://a.dushu.com/img/n142.png
[法] ,出身贫寒的约翰&middot;克利斯朵夫，自幼拥有惊人的音乐天赋，但随着祖父…,作家榜经典：约翰·克利斯朵夫（插图珍藏版 套装共3册）,https://a.dushu.com/img/n142.png
[德] ,古印度贵族青年悉达多英俊聪慧，拥有人们羡慕的一切。为了追求心灵的安宁，他…,流浪者之歌,https://a.dushu.com/img/n142.png
果麦文化 出品；（英）爱米丽·勃朗特…,本书讲的是发生在呼啸山庄里而历经三代的爱和复仇的恩怨故事。吉卜赛弃儿希斯…,呼啸山庄,https://a.dushu.com/img/n142.png
[英] 詹姆斯·希尔顿 著，陶曚 译 译,《消失的地平线》一书中，四名西方旅客意外来到坐落在群山之中的香格里拉秘境…,消失的地平线（2019精装本）,https://a.dushu.com/img/n142.png
[俄] 列夫-托尔斯泰 著，于大卫 译,◆托尔斯泰半自传小说。◆所有幸福的家庭都是相似的，每个不幸福的家庭自有其…,安娜·卡列尼娜,https://a.dushu.com/img/n142.png
 著,《鲁滨逊漂流记》是一部家喻户晓的现实主义回忆录式冒险小说。作者受一个苏格…,鲁滨逊漂流记,https://a.dushu.com/img/n142.png
[英] ,你是否问过自己一件事： 人啊，活着到底是为了什么？ 你不管不顾，每一天都满…,刀锋（全译本）,https://a.dushu.com/img/n142.png
 著,《仲夏夜之梦》是莎士比亚青春时代达到成熟的喜剧作品，讲述了有情人终成眷属…,仲夏夜之梦（精装）,https://a.dushu.com/img/n142.png
 著，,月亮——代表崇高的理想与精神境界，小面额的硬币六便士——代表着世俗的锱铢…,月亮和六便士,https://a.dushu.com/img/n142.png
 著,《约翰 克利斯朵夫》是诺贝尔文学奖获奖作品，是罗曼 罗兰的传记代表作。《约…,约翰克利斯朵夫：全三册,https://a.dushu.com/img/n142.png
[奥] 斯蒂芬-茨威格 著，沈锡良 译,《一个陌生女人的来信》是茨威格著名的代表作，曾被徐静蕾拍过电影，被孟京辉…,一个陌生女人的来信,https://a.dushu.com/img/n142.png
[英] ,《简&middot;爱》是十九世纪英国著名的女作家夏洛蒂&middot;勃朗特的…,简爱,https://a.dushu.com/img/n142.png
 著，,本书主要记录了安妮.弗兰克遇难前对密室生活和身心成长历程，首篇写于1942年…,安妮日记（精装版）,https://a.dushu.com/img/n142.png
[美] 亨利·戴维·梭罗 著，潘庆舲…,《瓦尔登湖》是美国作家亨利.戴维.梭罗所著的一本散文集，记录了作者隐居瓦尔…,瓦尔登湖（精装版）,https://a.dushu.com/img/n142.png
[英] 阿道斯·赫胥黎 著，郑婷 译，莫…,《美丽新世界》是20世纪的伟大经典之一，与英国作家乔治·奥威尔所著的《…,美丽新世界,https://a.dushu.com/img/n142.png
 等著,经典译林：傲慢与偏见（新版） 本书描写傲慢的单身青年达西与带有偏见的二小…,经典译林珍藏礼盒（紫色）,https://a.dushu.com/img/n142.png
 著,《奥德赛》有着怎样丰富的精神体验和精神成长？ 《红楼梦》中竟然隐藏着自然…,人生与社会思辨录：名著的启示,https://a.dushu.com/img/n142.png
 著,《人类群星闪耀时》向我们展现了作者精心选取的十四个决定世界历史的瞬间：逃…,人类群星闪耀时：十四幅历史人物画像,https://a.dushu.com/img/n142.png
[俄] ,《猎人笔记》是19世纪俄国批判现实主义作家、诗人和剧作家屠格涅夫的一部经典…,猎人笔记,https://a.dushu.com/img/n142.png
[美] ,白手起家的新富豪对昔日梦中情人的浪漫追寻，演绎了一场绚丽而又凄怆的人间悲…,菲茨杰拉德作品全集：了不起的盖茨比（2017年新版）,https://a.dushu.com/img/n142.png
[法] ,作为现实的深刻观察家，左拉被认为是十九世纪后期与雨果齐名的大作家，是自然…,左拉短篇小说精选,https://a.dushu.com/img/n142.png
（法）,暂缺简介...,傅雷译服尔德-梅里美经典作品：老实人 天真汉 嘉尔曼 高龙巴,https://a.dushu.com/img/n142.png
（法）,暂缺简介...,傅雷译巴尔扎克经典作品：幻灭,https://a.dushu.com/img/n142.png
（法）,暂缺简介...,傅雷译巴尔扎克经典作品：贝姨,https://a.dushu.com/img/n142.png
（法）,暂缺简介...,傅雷译巴尔扎克经典作品：搅水女人 都尔的本堂神甫 比哀兰德,https://a.dushu.com/img/n142.png
（法）,暂缺简介...,傅雷译巴尔扎克经典作品：夏倍上校 奥诺丽纳 亚尔培 萨伐龙 高老头,https://a.dushu.com/img/n142.png
（清）,《红楼梦乾隆间程乙本（套装共6册）》包括《红楼梦：乾隆间程乙本（一）》《…,红楼梦乾隆间程乙本（全六册）,https://a.dushu.com/img/n142.png
（法）,暂缺简介...,茶花女（学生版）,https://a.dushu.com/img/n142.png
（俄）,暂缺简介...,契诃夫短篇小说精选（学生版）,https://a.dushu.com/img/n142.png
[日] ,少女美登利，天生丽质，生性活泼，敢爱敢恨，充满灵气。然而作为青楼名妓的妹…,青梅竹马,https://a.dushu.com/img/n142.png
（法国）,贫苦的乡下姑娘玛格丽特来到法国巴黎，开始了风尘生涯。花容月貌的她被巴黎的…,茶花女,https://a.dushu.com/img/n142.png
（德国）,《少年维特的烦恼》是歌德早年重要的作品，它是一部书信体小说，作者创作它时…,少年维特的烦恼,https://a.dushu.com/img/n142.png
（英国）,《爱丽丝漫游奇境》讲述了小姑娘爱丽丝追赶一只揣着怀表、会说话的白兔，掉进…,爱丽丝漫游奇境 镜中世界,https://a.dushu.com/img/n142.png
（英国）J.M.巴里,彼得·潘住在一座远离英国本土的海岛——虚无岛。那是个奇异而热闹的地方…,彼得-潘,https://a.dushu.com/img/n142.png
（英）,长篇小说。本书被公认是狄更斯*重要的代表作，作者自称这是他“*宠爱的孩子”…,大卫-科波菲尔（精装 企鹅经典）,https://a.dushu.com/img/n142.png
[美] ,《杀死一只知更鸟》讲述了再二十世纪三十年代，大萧条时期美国南部的一个小镇…,杀死一只知更鸟（纪念版 精）,https://a.dushu.com/img/n142.png
[法] ,《恶之花》是法国诗人波德莱尔的代表作，也是十九世纪影响深远的文学作品之一…,恶之花（精装版）,https://a.dushu.com/img/n142.png
[法] 居伊·德·莫泊桑 著，李玉民…,《漂亮朋友》是莫伯桑长篇小说的代表作，1885年５月出版后即引起轰动。小说通…,漂亮朋友（精装版）,https://a.dushu.com/img/n142.png
[日] ,《草枕》是作者前期的重要代表作之一，目漱石以10个超脱现实的梦境，寄喻夏目…,草枕,https://a.dushu.com/img/n142.png
暂缺作者,斯威夫特著，陈？译的《格列佛游记（世界文学名著全译本）（精）/中译经典文…,格列佛游记,https://a.dushu.com/img/n142.png
暂缺作者,托尔斯泰著，李辉凡译的《复活（世界文学名著全译本）（精）/中译经典文库》…,复活,https://a.dushu.com/img/n142.png
（英）丹尼尔·笛福,鲁滨逊是一位志存高远的英国青年，他决意成为一名海员航游世界。一次在去非洲…,鲁滨逊漂流记,https://a.dushu.com/img/n142.png
（德）约翰·沃尔夫冈·冯·歌…,暂缺简介...,少年维特的烦恼,https://a.dushu.com/img/n142.png
（英）柯南·道尔,暂缺简介...,血字的研究四签名,https://a.dushu.com/img/n142.png
（美）马克·吐温,暂缺简介...,哈克贝利-费恩历险记,https://a.dushu.com/img/n142.png
[法] ,《莫泊桑短篇小说集》中收录了莫泊桑经典的代表作，这些作品在当今时代下仍具…,莫泊桑短篇小说集,https://a.dushu.com/img/n142.png
[清] ,《老残游记》以摇串铃的江湖郎中老残两个月的短暂游历为主线，串联起晚清社会…,老残游记,https://a.dushu.com/img/n142.png
（俄）契诃夫,《契诃夫短篇小说精选（全译本）》所收入的这些小说都是具有很高艺术成就，不…,契诃夫短篇小说精选（全译本 精）,https://a.dushu.com/img/n142.png
（法）儒勒·凡尔纳,《格兰特船长的儿女（全译本）/大悦读》是法国作家、“科幻小说之父”儒勒…,格兰特船长的儿女（全译本 精）,https://a.dushu.com/img/n142.png
（法）居斯塔夫·福楼拜,《萨郎宝》是居斯塔夫·福楼拜历史传奇小说中的代表作品，一出版就受到雨…,萨郎宝,https://a.dushu.com/img/n142.png
（法）居斯塔夫·福楼拜 著,收录李健吾译福楼拜小说共四种：《萨郎宝》《情感教育》《圣安东的诱惑》《三…,福楼拜小说集（套装全4册）,https://a.dushu.com/img/n142.png
（法）居斯塔夫·福楼拜,本书为法国大作家居斯塔夫·福楼拜（1821–1880）的小说代表作，小说分七…,圣安东的诱惑,https://a.dushu.com/img/n142.png
（苏联）鲍里斯·帕斯捷尔纳克,暂缺简介...,日瓦戈医生（精）,https://a.dushu.com/img/n142.png
（英）夏洛蒂·勃朗特,暂缺简介...,简 爱（精）,https://a.dushu.com/img/n142.png
（明）施耐庵，罗贯中,《水浒传》是我国人民喜爱的古典长篇白话小说之一。它产生于明代，是在宋、元…,水浒传（无障碍阅读版图文绣像本 精）,https://a.dushu.com/img/n142.png
（明）吴承恩,《西游记》是中国四大古典名著之一，也是优秀的章回体神话小说。它以神奇的笔…,西游记（无障碍阅读版图文绣像本 精）,https://a.dushu.com/img/n142.png
玛丽·摩尔·马什,“我出生在一间空房子里，就在一个小酒馆的后面，我能记起的*件事是一种刺痛…,世界名著好享读  第二辑 狐狸犬维克的故事,https://a.dushu.com/img/n142.png
[英] ,《动物农场》是奥威尔著名的反乌托邦寓言小说，自1945年出版以后引起很大反响…,动物农场,https://a.dushu.com/img/n142.png
[法国] ,《基督山伯爵》主要描写的是法国波旁王朝时期发生的一个报恩复仇的故事。法老…,名家名译：基督山伯爵（套装上下册 周克希译本 新版）,https://a.dushu.com/img/n142.png
[法] 安东尼·德·圣·埃克苏…,《小王子》是法国作家安东尼.德.圣.埃克苏佩里于1942年写成的经典儿童文学短…,小王子（安东尼翻译经典作品 四色印刷唯美典藏本）,https://a.dushu.com/img/n142.png
[法] ,《莫泊桑小说精选》收录《羊脂球》《西蒙的爸爸》《舆论》《一家子》《项链》…,莫泊桑小说精选（2019新版 李玉民经典译本）,https://a.dushu.com/img/n142.png
 著,小鹿斑比是生长在森林里的一只小鹿，他和同伴一起经历季节更替、生存磨难。在…,小鹿斑比,https://a.dushu.com/img/n142.png
 著,美国内战期间，马奇先生远赴战场做了随军牧师，马奇太太和她的四个女儿一起在…,小妇人,https://a.dushu.com/img/n142.png
[法国] 维克多·雨果 著，施康强，张新…,《巴黎圣母院》以1482年路易十一治下的法国为背景，描述了吉卜赛女郎与圣母院…,巴黎圣母院,https://a.dushu.com/img/n142.png
[法] ,故事发生在十七世纪的法国，王后在误打误撞之中将国王送给她的珠宝转赠给了自…,三个火枪手（全二册）,https://a.dushu.com/img/n142.png
[英] ,《傲慢与偏见》是一部脍炙人口的杰作，是一部在世界文学宝库中堪称经典的艺术…,傲慢与偏见,https://a.dushu.com/img/n142.png
 著，,“身处于我们这个社会，任何没有在母亲葬礼上落泪的人，都有可能被判处死刑。…,异乡人磨铁看名著（又译名局外人）,https://a.dushu.com/img/n142.png
[俄] ,《复活》由列夫？托尔斯泰历经十年创作而成，取材于一个真实的故事。玛斯洛娃…,复活,https://a.dushu.com/img/n142.png
[法] ,《茶花女》描写一位像茶花一样美丽的妓女的悲惨故事。玛格丽特是个农村姑娘，…,茶花女,https://a.dushu.com/img/n142.png
[俄] ,1851 年，列夫&middot;托尔斯泰跟随哥哥去高加索，在部队里服役了两年半…,童年（列夫·托尔斯泰自传体小说）,https://a.dushu.com/img/n142.png
[苏联] ,1906年，高尔基对一位知名出版人说：“我有许多写作计划，而且正在考虑写自传…,童年（高尔基自传体小说）,https://a.dushu.com/img/n142.png
[俄] ,1933年，15岁的伊万&middot;屠格涅夫考入莫斯科大学，并在那里爱上了19岁…,初恋（屠格涅夫自传体小说）,https://a.dushu.com/img/n142.png
 等著,《包法利夫人》是法国十九世纪现实主义文学大师福楼拜的代表作。　这本书讲述…,经典译林珍藏礼盒（金色）,https://a.dushu.com/img/n142.png
 等著,《经典译林：格林童话全集》收录了猫和老鼠、圣母玛利亚的孩子、狼七只小山羊…,经典译林珍藏礼盒（蓝色）,https://a.dushu.com/img/n142.png
 等著,《百万英镑/经典译林》讲述：富豪之家的两兄弟，从银行取出面额为一百万英镑…,经典译林珍藏礼盒（红色）,https://a.dushu.com/img/n142.png
[法] ,主人公冉？阿让为了挨饿的孩子去偷面包，结果被法官判处19年的苦役，出狱后的…,悲惨世界,https://a.dushu.com/img/n142.png
 著，,《傲慢与偏见》是英国女作家简&middot;奥斯汀代表作，也是其受欢迎的一部…,傲慢与偏见,https://a.dushu.com/img/n142.png
[俄] ,这是一部根据猎人“我”的狩猎见闻记述19世纪中叶俄国农村生活的作品集。屠格…,猎人笔记（精装版）,https://a.dushu.com/img/n142.png
[法] ,《格兰特船长的儿女：全两册》讲述了一个海上正义营救的故事。游船“邓肯”号…,格兰特船长的儿女（全两册 精装版）,https://a.dushu.com/img/n142.png
 著,《魂断威尼斯》是托马斯&middot;曼著名的中篇作品，1912年在德国出版，作…,魂断威尼斯,https://a.dushu.com/img/n142.png
[西] ,《堂吉诃德》描写一个没落贵族读骑士小说后鬼迷心窍，决心复活中古时代的游侠…,堂吉诃德（套装全2册）,https://a.dushu.com/img/n142.png
[英] 威廉·萨默塞特·毛姆 著；辛…,★《寻欢作乐》是一部集传统和现代于一身的出色作品，1930年，《寻欢作乐》以…,寻欢作乐,https://a.dushu.com/img/n142.png
塞万提斯,暂缺简介...,堂-吉诃德（上下）,https://a.dushu.com/img/n142.png
大仲马,暂缺简介...,三个火枪手（上下）,https://a.dushu.com/img/n142.png
（俄）阿·托尔斯泰，列夫·托尔斯…,《伴我长大经典童话（套装共20册）》由中国绘本画家蔡皋、朱成梁等16位老中青…,伴我长大经典童话（共20册 精）,https://a.dushu.com/img/n142.png
,暂缺简介...,资治通鉴大讲堂,https://a.dushu.com/img/n142.png
（法）,暂缺简介...,八十天环游地球（插图本）,https://a.dushu.com/img/n142.png
（法）,暂缺简介...,神秘岛（插图本）,https://a.dushu.com/img/n142.png
（明）,暂缺简介...,水浒传（4函共15册 精）,https://a.dushu.com/img/n142.png
（明）,暂缺简介...,西游记（3函共10册 精）,https://a.dushu.com/img/n142.png
（英）,《傲慢与偏见》的初稿写于1796年10月至1797年8月，原名《初次印象》，十几年…,傲慢与偏见,https://a.dushu.com/img/n142.png
,《社会的恶与善》是一部谈论中国历史和世界历史的短文合集，全书分四辑，主要…,社会的恶与善,https://a.dushu.com/img/n142.png
,本书收录作者最近几年的思想随笔，也包括部分演讲稿，内容主要涉及作者多年重…,一只革命的手,https://a.dushu.com/img/n142.png
,本书是作者近年来的学术和文化领域方面成果的结集，44篇，共25万字，全书内容…,徜徉在史学与文学之间,https://a.dushu.com/img/n142.png
（美国）,《汤姆·索亚历险记》是美国幽默文学大师马克·吐温的代表作。它是一…,汤姆-索亚历险记,https://a.dushu.com/img/n142.png
（苏联）,《钢铁是怎样炼成的》是苏联社会主义文学中一部的名著，作品的主要成就是塑造…,钢铁是怎样炼成,https://a.dushu.com/img/n142.png
（英国）,《呼啸山庄》描写的吉卜赛弃儿希思克利夫被山庄老主人收养后，因不堪受辱和恋…,呼啸山庄,https://a.dushu.com/img/n142.png
[法] ,本书为法国18世纪启蒙思想家卢梭晚年写就的自传，记载了其从出生到被迫离开圣…,忏悔录,https://a.dushu.com/img/n142.png
[法] ,v 内容介绍 《约翰&middot;克利斯朵夫》是罗曼&middot;罗兰的长篇小…,约翰·克利斯朵夫,https://a.dushu.com/img/n142.png
[美] ,《杰克？伦敦小说精选》收录杰克？伦敦优秀的短篇小说《热爱生命》《北方的奥…,杰克伦敦小说精选（2018新版）,https://a.dushu.com/img/n142.png
[美] ,《马克？吐温小说精选》收录了马克？吐温中短篇小说十一篇，收录《百万英镑》…,马克吐温小说精选（2018新版）,https://a.dushu.com/img/n142.png
[日] ,《芥川龙之介小说精选》收录芥川龙之介《罗生门》《竹林中》《地狱变》《鼻子…,芥川龙之介小说精选（2018新版）,https://a.dushu.com/img/n142.png
（明）,暂缺简介...,三国演义（共20册 精）,https://a.dushu.com/img/n142.png
（美）爱默生,暂缺简介...,爱默生随笔,https://a.dushu.com/img/n142.png
（英）夏洛蒂·勃朗特,暂缺简介...,简 爱,https://a.dushu.com/img/n142.png
（意）卡尔洛·科洛迪,《木偶奇遇记/世界名著阅读丛书》是十九世纪世界上*伟大的童话著作之一，是教…,木偶奇遇记,https://a.dushu.com/img/n142.png
（瑞士）约翰娜·施皮里,《海蒂/世界名著阅读丛书》是一部以情感人的文学名著，入选教育部推荐的中小…,海蒂,https://a.dushu.com/img/n142.png
（美）欧内斯特·米勒尔·海明威,暂缺简介...,老人与海,https://a.dushu.com/img/n142.png
[英] ,一位证券经纪人，不仅事业成功，而且家庭幸福，堪称人生赢家。可是一夜之间，…,月亮与六便士,https://a.dushu.com/img/n142.png
（法）居斯塔夫·福楼拜,《三故事》是居斯塔夫·福楼拜生前出版的最后一部完整的虚构作品，创作时…,三故事,https://a.dushu.com/img/n142.png
（法）居斯塔夫·福楼拜 著,本书为法国大作家福楼拜的长篇小说代表作，主人公福赖代芮克·毛漏出身于…,情感教育（精装）,https://a.dushu.com/img/n142.png
（英）查尔斯·狄更斯,《双城记（全译本）/大悦读》发表于1859年，是查尔斯·狄更斯成熟时期的…,双城记（全译本 精）,https://a.dushu.com/img/n142.png
庸鬼,暂缺简介...,嗜谎之神,https://a.dushu.com/img/n142.png
司马光,暂缺简介...,资治通鉴,https://a.dushu.com/img/n142.png
（西汉）司马迁 著,暂缺简介...,白话史记,https://a.dushu.com/img/n142.png
斯丹达尔 著；郭宏安 译,暂缺简介...,红与黑（全译本）,https://a.dushu.com/img/n142.png
（法国）儒尔·凡尔纳 著，沈国华，钱…,暂缺简介...,海底两万里（插图版 全译本）,https://a.dushu.com/img/n142.png
[法] ,于连&middot;索黑尔出身于一个乡下木匠家庭。作为木匠的小儿子的他，却狂…,红与黑（精装典藏版）,https://a.dushu.com/img/n142.png
 著，,《永别了，武器》是诺贝尔文学奖、普利策奖获奖者海明威长篇代表作。故事的男…,永别了，武器,https://a.dushu.com/img/n142.png
[美国] J.D.塞林格 著，孙仲旭 译,16岁的中学生霍尔顿出身于纽约一个中产阶级家庭。父母、老师要他好好读书以便…,麦田里的守望者（中英全本 精装）,https://a.dushu.com/img/n142.png
[美国] J.D.塞林格 著，丁骏 译,弗兰妮与祖伊同属格拉斯家族七兄妹。个性叛逆的祖伊比弗兰妮大五岁，他从小就…,弗兰妮与祖伊,https://a.dushu.com/img/n142.png
[美国] J.D.塞林格 著，孙仲旭 译,《麦田里的守望者》主人公是十六岁的中学生霍尔顿，他出身于纽约一个中产阶级…,麦田里的守望者,https://a.dushu.com/img/n142.png
[美国] J.D.塞林格 著，丁骏 译,在塞林格经典短篇小说集《九故事》的开篇《抓香蕉鱼*好的日子》里，西摩开枪…,抬高房梁，木匠们；西摩：小传,https://a.dushu.com/img/n142.png
[俄] ,1851 年，列夫&middot;托尔斯泰跟随哥哥去高加索，在部队里服役了两年半…,青年（列夫·托尔斯泰自传体小说）,https://a.dushu.com/img/n142.png
[法] ,1927年春天，埃克苏佩里至摩洛哥塔尔法亚附近的朱比角当中途站站长，也就是在…,南线邮航,https://a.dushu.com/img/n142.png
 著,《朱自清散文集/语文新课标必读丛书，奇遇经典文库》从朱自清先生的作品中精…,朱自清散文集,https://a.dushu.com/img/n142.png
 著,本书强调诗词的可读性和趣味性，使学生在提高理解以及接受能力的同时，通过学…,高中生必背古诗文40篇,https://a.dushu.com/img/n142.png
[法] 安东尼·德·圣埃克苏佩里 著…,《小王子》是法国作家安东尼&middot;德&middot;圣埃克苏佩里于1942年…,小王子,https://a.dushu.com/img/n142.png
[美] ,《流动的盛宴》是海明威的一部极具自传性质的散文集。一九二○年代，海明威以…,流动的盛宴,https://a.dushu.com/img/n142.png
[英] ,弃婴奥利弗出生就失去了母亲，又在救济院受着非人的虐待，当了棺材铺学徒以后…,雾都孤儿,https://a.dushu.com/img/n142.png
[法] 儒勒·凡尔纳 著，张成柱，户思社…,《神秘岛》是凡尔纳所著的长篇小说。其讲述的是在美国南北战争时，有五名北军…,神秘岛（精装版）,https://a.dushu.com/img/n142.png
[英] ,《哈姆雷特》是莎士比亚作于1601年的悲剧。讲述丹麦王子哈姆雷特对谋杀其父、…,哈姆雷特（精装版）,https://a.dushu.com/img/n142.png
 著；,小职员默尔索的母亲在养老院病逝了，他对此反应却很平静，既没有流泪，也不想…,局外人（精装本）,https://a.dushu.com/img/n142.png
 著；,《十日谈》是欧洲文学史上的宏伟巨著。它讲述了10个青年男女在1348年佛罗伦萨…,十日谈,https://a.dushu.com/img/n142.png
[法] ,《约翰&middot;克利斯朵夫》上中下三本共包含十卷，讲述了主人公约翰&am…,约翰克利斯朵夫（全三册）,https://a.dushu.com/img/n142.png
[美] ,《欧·亨利短篇小说选》选收欧·亨利杰出的几十篇短篇小说代表作，其…,欧·亨利短篇小说精选,https://a.dushu.com/img/n142.png
[俄] ,《复活》是俄国作家列夫&middot;托尔斯泰的代表作之一。本书取材于一件真…,复活,https://a.dushu.com/img/n142.png
 著,典型的守财奴葛朗台，象征近代人的上帝，法力无边而铁面无情的财神。为挣大钱…,欧也妮·葛朗台,https://a.dushu.com/img/n142.png
[法] ,小说以波旁王朝复辟时期的法国社会为背景，讲述了经商发家的高老头倾其心血抚…,高老头,https://a.dushu.com/img/n142.png
暂缺作者,《李国文说三国演义》，属于“李国文说”系列丛书。分为《李国文说三国&…,说三国演义,https://a.dushu.com/img/n142.png
（日）,暂缺简介...,我是猫（全译本）,https://a.dushu.com/img/n142.png
,朱孝远*的这本《历史学家的故事》是一部评述 当代国外*名历史学家活动的有趣…,历史学家的故事,https://a.dushu.com/img/n142.png
,暂缺简介...,震荡晚清六名臣,https://a.dushu.com/img/n142.png
,暂缺简介...,嘉莉妹妹,https://a.dushu.com/img/n142.png
暂缺作者,暂缺简介...,安妮日记（全译本）,https://a.dushu.com/img/n142.png
 著；,《小王子》是一本让人永葆童心的不朽经典。作品讲述了小王子因与心爱的的玫瑰…,小王子,https://a.dushu.com/img/n142.png
[法] ,《贝姨》是法国作家巴尔扎克晚年创作的一部长篇小说。故事发生在1838年的巴黎…,贝姨,https://a.dushu.com/img/n142.png
[法] ,本书是一部充满传奇色彩的科幻小说，但它的诞生是和当时的历史、社会背景分不…,地心游记,https://a.dushu.com/img/n142.png
（法国）,古往今来，描绘妓女悲欢离合的爱情故事不胜枚举，唯独《茶花女》获得了世界声…,茶花女,https://a.dushu.com/img/n142.png
（美国）,本书精选马克·吐温的24篇中短篇小说，都是脍炙人口之作，有《竞选州长》…,百万英镑,https://a.dushu.com/img/n142.png
（英国）,《简·爱》的作者夏洛蒂·勃朗特成长在一个经济困顿、多灾多难的家庭…,译林名著精选：简-爱,https://a.dushu.com/img/n142.png
（英）,暂缺简介...,傲慢与偏见（精）,https://a.dushu.com/img/n142.png
 评点,暂缺简介...,唐浩明评点曾国藩系列（典藏版）,https://a.dushu.com/img/n142.png
（意）,暂缺简介...,十日谈（全译本名家名译 精）,https://a.dushu.com/img/n142.png
（清）,暂缺简介...,红楼梦（精）,https://a.dushu.com/img/n142.png
（明）,暂缺简介...,三国演义（精）,https://a.dushu.com/img/n142.png
,这是日本战后文学很好人物太宰治的代表作，描述了一个无法适应现实、逃避着整…,人间失格,https://a.dushu.com/img/n142.png
[俄] ,“世界文学经典名译文库：有声导读版”选取广为人知的经典名著书目，由国内第…,契诃夫短篇小说选,https://a.dushu.com/img/n142.png
[美] 欧·亨利 著，李文俊，朱碧恒 译…,“世界文学经典名译文库：有声导读版”选取广为人知的经典名著书目，由国内第…,欧·亨利短篇小说选,https://a.dushu.com/img/n142.png
[英] ,“世界文学经典名译文库：有声导读版”选取广为人知的经典名著书目，由国内第…,鲁滨孙漂流记,https://a.dushu.com/img/n142.png
[美] 亨利.戴维.梭罗 著，苏福忠 译,“世界文学经典名译文库：有声导读版”选取广为人知的经典名著书目，由国内第…,瓦尔登湖,https://a.dushu.com/img/n142.png
[苏] ,“世界文学经典名译文库：有声导读版”选取广为人知的经典名著书目，由国内第…,钢铁是怎样炼成的,https://a.dushu.com/img/n142.png
[法] 居斯塔夫.福楼拜 著，许渊冲 译,“世界文学经典名译文库：有声导读版”选取广为人知的经典名著书目，由国内第…,包法利夫人,https://a.dushu.com/img/n142.png
（法）大仲马,《三个火枪手（全译本）/大悦读》是历史题材的小说，然而大仲马坦言：“历史…,三个火枪手（全译本 精）,https://a.dushu.com/img/n142.png
（英）查尔斯·狄更斯,暂缺简介...,雾都孤儿（全译本 精）,https://a.dushu.com/img/n142.png
（俄）屠格涅夫,《猎人笔记（全译本）/大悦读》是作者的成名作，也是他的第一部现实主义力作…,猎人笔记（全译本 精）,https://a.dushu.com/img/n142.png
（明）安遇时,暂缺简介...,包公案（注释本）,https://a.dushu.com/img/n142.png
暂缺作者,暂缺简介...,世说新语（注释本）,https://a.dushu.com/img/n142.png
（英）毛姆 著，姚望 姚君伟,暂缺简介...,月亮和六便士（精装 企鹅经典）,https://a.dushu.com/img/n142.png
（俄）阿尔志跋绥夫 著，陈文娟 译,暂缺简介...,萨宁（精装 企鹅经典）,https://a.dushu.com/img/n142.png
（俄）阿尔志跋绥夫 著，陈文娟 译,暂缺简介...,萨宁（平装 企鹅经典）,https://a.dushu.com/img/n142.png
（英）约翰·高尔斯华绥 著，钱佼汝 译…,暂缺简介...,有产者（平装 企鹅经典）,https://a.dushu.com/img/n142.png
（美）亨利·詹姆斯 著，姚小虹 译,暂缺简介...,金钵记（平装 企鹅经典）,https://a.dushu.com/img/n142.png
（法）波德莱尔 著，刘楠褀 译,暂缺简介...,恶之花（精装 企鹅经典）,https://a.dushu.com/img/n142.png
 著，,诺贝尔、普利策双料得主海明威篇幅的小说代表作，以美国人参加西班牙人民反法…,丧钟为谁而鸣,https://a.dushu.com/img/n142.png
[英] ,一部名垂世界文学史的游记体小说 借夸张渲染时代的生气，以幽默开启英伦讽刺…,格列佛游记,https://a.dushu.com/img/n142.png
[法] ,《羊脂球》讲述的是：一八七O年普法战争爆发，普鲁士军队攻占了鲁昂城，有十…,羊脂球：莫泊桑中短篇小说集,https://a.dushu.com/img/n142.png
[英] ,《1984》描写了未来社会即1984年大洋国一个普通人的日常生活。在大洋国，权力…,1984,https://a.dushu.com/img/n142.png
[法] ,全书分为两个部分，第一部分从默尔索的母亲去世开始，到他在海滩上杀死阿拉伯…,局外人,https://a.dushu.com/img/n142.png
[法] 儒勒·凡尔纳 著，Lsltmr 绘，大…,巴黎博物馆的阿罗纳克斯教授，突然受邀加入远征队，去追捕传闻中神秘、凶残的…,海底两万里,https://a.dushu.com/img/n142.png
[法] ,《基督山伯爵》是法国19世纪浪漫主义作家、“通俗小说之王”大仲马的名作，是…,基督山伯爵（上下）,https://a.dushu.com/img/n142.png
[英] ,一位已逾中年的股票经纪人，突然之间离开家庭，也离开安稳的生活，在所有人的…,月亮与六便士,https://a.dushu.com/img/n142.png
[奥地利] ,一扇忘关的小门，颠覆了拜占庭帝国千年文明； 一秒钟的犹豫，葬送了拿破仑的…,人类群星闪耀时,https://a.dushu.com/img/n142.png
[法] ,《忏悔录》是卢梭在晚年写成的自传体小说。全书分为两部，通过卢梭自己的坎坷…,忏悔录,https://a.dushu.com/img/n142.png
[英] ,我记得在《大卫·科波菲尔（套装上下册）/经典文学名著》的初版序言中说…,大卫·科波菲尔（套装上下册）,https://a.dushu.com/img/n142.png
[日] ,《罗生门》是2008年上海译文出版社出版的图书，作者是芥川龙之介。该书讲述了…,罗生门,https://a.dushu.com/img/n142.png
[美] ,20世纪普通人的心灵之书！你经历过的每一个小愚蠢，总能被欧&middot;亨利…,欧·亨利短篇小说精选 ,https://a.dushu.com/img/n142.png
[法] ,公司小职员默尔索因杀人而被法庭指控，最终却因为“在母亲下葬时没有哭泣”，…,局外人,https://a.dushu.com/img/n142.png
[英] ,出身贫寒的简·爱在做家庭教师时，与男主人罗切斯特产了真挚的爱情。就在…,简·爱（全译本）,https://a.dushu.com/img/n142.png
[俄] ,《罪与罚》是俄国文学的高峰，一份触目惊心的犯罪心理报告，是世所公认伟大的…,罪与罚,https://a.dushu.com/img/n142.png
[苏联] ,《童年》《在人间》《我的大学》是高尔基的自传体长篇小说三部曲，以其童年、…,在人间,https://a.dushu.com/img/n142.png
 著，,故事讲述了十七、十八世纪之交的英国，因王室内部的权利之争，出身于贵族的关…,笑面人,https://a.dushu.com/img/n142.png
 著，,《老实人与天真汉》内含伏尔泰的两部短篇哲理小说，《老实人》讲述主人公从小…,老实人与天真汉,https://a.dushu.com/img/n142.png
[俄] ,《罪与罚》是俄国文学的高峰，一份触目惊心的犯罪心理报告，是世所公认伟大的…,罪与罚,https://a.dushu.com/img/n142.png
[日] ,《罗生门》是其代表作。本书收录芥川的中短篇小说共二十一篇。他的小说情节精…,罗生门,https://a.dushu.com/img/n142.png
[英] ,《傲慢与偏见》是简？奥斯汀的代表作。描写傲慢的单身青年达西与带有偏见的二…,傲慢与偏见,https://a.dushu.com/img/n142.png
[俄] 列夫·托尔斯泰 著，汝龙 译,《复活》（1889—1890）是托尔斯泰思想艺术的总结。作品以一起真实的刑事犯罪…,复活,https://a.dushu.com/img/n142.png
（法）,普鲁斯特是整个二十世纪开宗立派、*伟大的文学大师之一。《斯万的一次爱情》…,斯万的一次爱情（译文经典）,https://a.dushu.com/img/n142.png
（英）威廉·莫里斯，（英）查尔斯…,暂缺简介...,伟大的思想第4辑（英汉双语 共10册）,https://a.dushu.com/img/n142.png
（美）,暂缺简介...,老人与海,https://a.dushu.com/img/n142.png
（明）,暂缺简介...,西游记,https://a.dushu.com/img/n142.png
（英）,热心的爱玛关心哈丽埃特的婚姻，她认为这姑娘是大户人家出身，因此要她拒绝农…,爱玛（经典插图本）,https://a.dushu.com/img/n142.png
[法] ,1866年，全世界都在谈论着一件怪事——海上出现了一个庞大的“海怪”。 阿罗…,海底两万里,https://a.dushu.com/img/n142.png
名家编译委员会编译 译,“名家名译全本世界经典文学名著”丛书精选了44本西方为脍炙人口且为学术界首…,格列佛游记,https://a.dushu.com/img/n142.png
 著；,《沉船》是泰戈尔hen重要的长篇小说代表作之一，创作于1902年，1903年连载于…,沉 船,https://a.dushu.com/img/n142.png
[奥] ,《茨威格中短篇小说选》收录了欧洲文坛极度推崇的中篇小说家茨威格的十一篇作…,茨威格中短篇小说选,https://a.dushu.com/img/n142.png
[日] ,本书是芥川龙之介的作品精选集，收录了他的代表作《罗生门》，芥川以细腻的笔…,芥川龙之介作品精选集,https://a.dushu.com/img/n142.png
 著；,《欧亨利小说精选》精选《麦琪的礼物》《警察与赞美诗》《二十年后》《丛林里…,欧亨利小说精选,https://a.dushu.com/img/n142.png
[英] ,《简.爱》是英国女作家夏洛蒂&middot;勃朗特的代表作。小说以浓郁抒情的…,简·爱,https://a.dushu.com/img/n142.png
[挪威] ,《培尔&middot;金特》是挪威著名的文学家易卜生创作的一部具有文学内涵和…,培尔·金特,https://a.dushu.com/img/n142.png
（法）塞居尔伯爵夫人 著；苏菲·德…,《小淑女》是塞居尔伯爵夫人代表作“苏菲系列”第二部，讲述了苏菲与小姐妹玛…,小淑女（彩图珍藏本）,https://a.dushu.com/img/n142.png
（苏）,暂缺简介...,童年（学生版）,https://a.dushu.com/img/n142.png
暂缺作者,《基督山伯爵》是通俗历史小说，法国著名作家大仲马（1802-1870）的代表作。…,基督山伯爵,https://a.dushu.com/img/n142.png
,暂缺简介...,南社史料辑存：首版《南社纪略》,https://a.dushu.com/img/n142.png
,本书收录了柴德赓先生在1931至1956年三十年间在报刊、杂志上发表的将近三十篇…,史学丛考（增订本）,https://a.dushu.com/img/n142.png
[法] ,《格兰特船长的儿女》写于1865～1866年，是法国科幻小说家儒勒&middot;凡…,格兰特船长的儿女,https://a.dushu.com/img/n142.png
（法）,暂缺简介...,神秘岛（学生版）,https://a.dushu.com/img/n142.png
（法）,暂缺简介...,莫泊桑短篇小说精选（学生版）,https://a.dushu.com/img/n142.png
（苏）,暂缺简介...,我的大学（学生版）,https://a.dushu.com/img/n142.png
（苏）,暂缺简介...,在人间（学生版）,https://a.dushu.com/img/n142.png
,先哲加缪在他的名著中曾留下了这样一则隽永的寓言：众神为惩罚西西弗，判处他…,莫泊桑短篇小说选,https://a.dushu.com/img/n142.png
[奥地利] 弗兰兹.卡夫卡 著，李文俊 译,“世界文学经典名译文库：有声导读版”选取广为人知的经典名著书目，由国内第…,变形记,https://a.dushu.com/img/n142.png
[英] 乔纳森·斯威夫特 著，刘春芳 译…,《格列佛游记》是英国作家乔纳森&middot;斯威夫特创作的长篇游记体讽刺小…,格列佛游记,https://a.dushu.com/img/n142.png
[苏] 马克西姆.高尔基 著，郭家申 译,“世界文学经典名译文库：有声导读版”选取广为人知的经典名著书目，由国内第…,童年,https://a.dushu.com/img/n142.png
[法] 阿尔贝.加缪 著，郑克鲁 译,“世界文学经典名译文库：有声导读版”选取广为人知的经典名著书目，由国内第…,局外人,https://a.dushu.com/img/n142.png
果麦文化 出品；埃塞尔·丽莲·伏…,这是一个关于信仰和英雄的故事。十九世纪的意大利，当少年亚瑟还在为青梅竹马…,牛虻,https://a.dushu.com/img/n142.png
（明）熊大木,暂缺简介...,杨家将（注释本）,https://a.dushu.com/img/n142.png
（清）刘鹗,暂缺简介...,老残游记（注释本）,https://a.dushu.com/img/n142.png
（明）郭勋，初,暂缺简介...,英烈传（注释本）,https://a.dushu.com/img/n142.png
（清）钱彩,暂缺简介...,说岳全传（注释本）,https://a.dushu.com/img/n142.png
（美）亨利·詹姆斯 著，姚小虹 译,暂缺简介...,金钵记（精装 企鹅经典）,https://a.dushu.com/img/n142.png
（法）让-亨利·法布尔 著，陈筱卿 译…,暂缺简介...,昆虫记,https://a.dushu.com/img/n142.png
罗贯中,暂缺简介...,三国演义（名家演播阅读无障碍版）,https://a.dushu.com/img/n142.png
（美）杰克·伦敦,暂缺简介...,热爱生命（精）,https://a.dushu.com/img/n142.png
施耐庵，罗贯中,暂缺简介...,水浒全传（精）,https://a.dushu.com/img/n142.png
曹雪芹，高鹗,暂缺简介...,红楼梦（精）,https://a.dushu.com/img/n142.png
[法] 福楼拜 著，皮埃尔-拉普拉德 绘，周克…,富农的女儿爱玛对爱情充满浪漫的幻想，丈夫平庸朴实，让她渐感婚姻生活的无望…,包法利夫人,https://a.dushu.com/img/n142.png
 著，,《安妮日记》记录了犹太女孩安妮˙弗兰克1942年6月到1944年8月为时两年的避难…,安妮日记,https://a.dushu.com/img/n142.png
丹尼尔·笛福 著，Slava Shults 绘，大…,面对困难，我永不妥协，因为我有一颗敢于冒险的心！　年轻的鲁滨逊，不安于舒…,鲁滨逊漂流记,https://a.dushu.com/img/n142.png
[美] F.S.菲茨杰拉德 著，于海生 译,小职员尼克初来纽约，租住的房子恰巧在大富翁盖茨比的豪宅旁边，因此结识了盖…,了不起的盖茨比,https://a.dushu.com/img/n142.png
 著,《贵族之家》是屠格涅夫的第二部长篇小说，屠格涅夫本人曾在前言中说：“《贵…,贵族之家,https://a.dushu.com/img/n142.png
[法] ,《笑面人》是法国作家雨果创作的长篇小说。这是一出发生在英国贵族统治下的悲…,笑面人,https://a.dushu.com/img/n142.png
[俄] 叶甫盖尼·扎米亚京 著,扎米亚金（1884—1937），俄罗斯白银时代的重要作家，以风格独具的民间口语叙…,我们（精装 全译本）,https://a.dushu.com/img/n142.png
F.S.菲茨杰拉德 著，姚瑶 译,尼克从中西部故乡来到纽约，在他住所旁边正是本书主人公盖茨比的豪华宅第。这…,了不起的盖茨比,https://a.dushu.com/img/n142.png
 著,《草枕》是作者前期的重要代表作之一，目漱石以10个超脱现实的梦境，寄喻夏目…,草枕（精装 全译本）,https://a.dushu.com/img/n142.png
[法] ,《红与黑》是19世纪欧洲批判现实主义的奠基作品。小说以主人公于连的爱情生活…,红与黑,https://a.dushu.com/img/n142.png
[苏联] ,《钢铁是怎样炼成的》（1933）是作者根据自己亲身经历写成的一部优秀小说。主…,钢铁是怎样炼成的,https://a.dushu.com/img/n142.png
 著，,该书以法国古老的不列塔尼为背景讲述了一个关于爱情与死亡的故事。作者以有超…,冰岛渔夫,https://a.dushu.com/img/n142.png
 著，,《包法利夫人》是19世纪法国作家福楼拜发表的长篇小说，被喻为浪漫主义的终结…,包法利夫人,https://a.dushu.com/img/n142.png
[美] ,欧&middot;亨利（1862-1910）是美国著名批判现实主义作家，世界三大短篇…,欧·亨利短篇小说精选,https://a.dushu.com/img/n142.png
（日）,《源氏物语（全译本 套装上下册 名家名译）》叙述一位梦幻般的俊美人物“源氏…,源氏物语（全译本上下）,https://a.dushu.com/img/n142.png
（英）,痴迷于哥特式恐怖小说的乡村牧师之女凯瑟琳，有时把现实生活也当成传奇故事中…,诺桑觉寺（经典插图本）,https://a.dushu.com/img/n142.png
[法] ,本书是世界科幻小说鼻祖儒勒&middot;凡尔纳享誉全球的冒险小说。小说叙述…,八十天环游地球,https://a.dushu.com/img/n142.png
【法】儒勒.凡尔纳 著,《海底两万里》是儒勒？凡尔纳三部曲的第二部，问世于1870年，主要讲述“鹦鹉…,海底两万里,https://a.dushu.com/img/n142.png
[日] 芥川龙之介 著；鲁迅;夏丏尊;宋刚 译…,本书收录了《罗生门》《鼻子》《秋》等鲁迅、夏丏尊翻译芥川龙之介代表作品的…,罗生门,https://a.dushu.com/img/n142.png
安托万·德·圣埃克苏佩里 著；李…,这是一本足以让人永葆童心的不朽经典，被全球亿万读者誉为值得收藏的书。遥远…,小王子,https://a.dushu.com/img/n142.png
[英] ,《消失的地平线》一书中，四名西方旅客意外来到坐落在群山之中的香格里拉秘境…,消失的地平线,https://a.dushu.com/img/n142.png
[美] willa Cather 著；颜红菲 译,《磐石上的阴影》是美国小说家薇拉？凯瑟晚期“传奇系列”作品之一。小说以1…,磐石上的阴影,https://a.dushu.com/img/n142.png
[日] ,《我是猫》是日本国民大师夏目漱石的代表成名作，对日本文学有着极深远的影响…,我是猫,https://a.dushu.com/img/n142.png
,暂缺简介...,直奉两军阀史：曹锟张作霖轶事（第一辑）,https://a.dushu.com/img/n142.png
,暂缺简介...,国学知识大全：著名国学大师吕思勉的扛鼎之作 ，带你走进国学的顶级殿堂 ,https://a.dushu.com/img/n142.png
,《西游记》，又称《西游释厄传》，明代小说家吴承恩著。主要描写孙悟空、猪八…,西游记（绣像珍藏版）,https://a.dushu.com/img/n142.png
,《三国演义》，又称《三国志通俗演义》，元末明初小说家罗贯中著。长篇章回体…,三国演义（绣像珍藏版）,https://a.dushu.com/img/n142.png
,《红楼梦》，前八十回曹雪芹著，后四十回无名氏续。是一部具有高度思想性和艺…,红楼梦（绣像珍藏版）,https://a.dushu.com/img/n142.png
暂缺作者,《简&middot;爱》是十九世纪英国著名的女作家夏洛蒂&middot;勃朗特的…,简.爱,https://a.dushu.com/img/n142.png
（英）,《呼啸山庄（全译本）/大悦读》描写弃儿希思克利夫被山庄老主人收养后，因受…,呼啸山庄（全译本 精）,https://a.dushu.com/img/n142.png
[德] ,《少年维特的烦恼》（1774）是“狂飙突进”运动的代表作，是歌德据自身经历写…,少年维特的烦恼,https://a.dushu.com/img/n142.png
[俄罗斯] 列夫·托尔斯泰 著，力冈 译…,《复活》是俄国作家列夫？托尔斯泰创作的长篇小说，首次出版于1899年。 该书…,复活,https://a.dushu.com/img/n142.png
[英] 毛姆 著，刘勇军 译,“我决心让我的女儿远离这一切。我希望她成为一个勇敢和真诚的人。我希望她做…,面纱,https://a.dushu.com/img/n142.png
[俄罗斯] 列夫·托尔斯泰 著，张捷 译…,《战争与和平》是俄国作家列夫？尼古拉耶维奇？托尔斯泰创作的长篇小说，也是…,战争与和平,https://a.dushu.com/img/n142.png
 著，,《大卫&middot;科波菲尔》通过遗腹子大卫一生的悲欢离合，多层次地揭示了…,大卫·科波菲尔（上下册）,https://a.dushu.com/img/n142.png
[美] 雷蒙德·钱德勒（Raymond Chandl…,刚出狱的亡命之徒四处打听爱人的下落， 他不在乎爱人八年间从没探过监，从没…,再见，吾爱（全新精装珍藏版）,https://a.dushu.com/img/n142.png
[英] ,《双城记》是英国作家查尔斯*狄更斯所著的一部以法国大革命为背景所写成的长…,双城记,https://a.dushu.com/img/n142.png
[美] 海明威（Ernest Miller Hemingway） …,一对年轻男女，在战火纷飞的时代相爱，不可避免地经历生死别离，他们一直怀抱…,永别了，武器读客经典（海明威诞辰120周年纪念版）,https://a.dushu.com/img/n142.png
（清）郭小亭,暂缺简介...,济公全传（注释本 上下册）,https://a.dushu.com/img/n142.png
（清）石玉昆,暂缺简介...,三侠五义（注释本）,https://a.dushu.com/img/n142.png
西周生，辑,暂缺简介...,醒世姻缘传（注释本 上下册）,https://a.dushu.com/img/n142.png
（清）纪昀,暂缺简介...,阅微草堂笔记（注释本）,https://a.dushu.com/img/n142.png
（清）曾朴,暂缺简介...,孽海花（注释本）,https://a.dushu.com/img/n142.png
（清）褚人获,暂缺简介...,隋唐演义（注释本）,https://a.dushu.com/img/n142.png
吴承恩,暂缺简介...,西游记（精）,https://a.dushu.com/img/n142.png
本书编写组,《小墨香书》是一套为爱阅读的读者设计的口袋书，采用小开本设计，便于随身翻…,红楼梦诗词,https://a.dushu.com/img/n142.png
暂缺作者,本套丛书在参考和借鉴以前译本诸多优点的基础上，使之更适合孩子们的阅读习惯…,中国古典名著 红楼梦（图文注释足本）,https://a.dushu.com/img/n142.png
暂缺作者,本套丛书在参考和借鉴以前译本诸多优点的基础上，使之更适合孩子们的阅读习惯…,中国古典名著 西游记（图文注释足本）,https://a.dushu.com/img/n142.png
暂缺作者,本套丛书在参考和借鉴以前译本诸多优点的基础上，使之更适合孩子们的阅读习惯…,中国古典名著 水浒传（图文注释足本）,https://a.dushu.com/img/n142.png
暂缺作者,本套丛书在参考和借鉴以前译本诸多优点的基础上，使之更适合孩子们的阅读习惯…,中国古典名著 三国演义（图文注释足本）,https://a.dushu.com/img/n142.png
（英）乔纳森·斯威夫特,《格列佛游记》是世界上*伟大的童话、讽刺小说之一，入选教育部推荐的中小学…,格列佛游记,https://a.dushu.com/img/n142.png
[俄] ,《战争与和平》是一部史诗性长篇小说，描写了1805—1812年俄国抵抗拿破仑入侵…,战争与和平（1-4）,https://a.dushu.com/img/n142.png
阿瑟-柯南-道尔 著,《福尔摩斯探案集》收录了十二个短篇探案故事。其中包括《波西米亚丑闻》、《…,福尔摩斯探案集,https://a.dushu.com/img/n142.png
[美] ,在纽约上流社会的社交圈，突然闯进一位神秘富豪盖茨比，常在家里举办奢华的派…,了不起的盖茨比（精装插图全译本）,https://a.dushu.com/img/n142.png
[英] ,本书是《柳林风声》插图版，除了《柳林风声》的故事，还大量增加了作者写作手…,柳林风声（插画版）,https://a.dushu.com/img/n142.png
[美] F.S.菲茨杰拉德 著,本书是《夜色温柔》插画版。《夜色温柔》是菲茨杰拉德的zui hou一部长篇小说…,中国书籍编译馆：夜色温柔（插画版）,https://a.dushu.com/img/n142.png
[法] ,约翰·克利斯朵夫的一生，是从小溪变成大海的过程。 离开小镇到巴黎闯荡…,约翰·克利斯朵夫（套装全4册）,https://a.dushu.com/img/n142.png
，,人可以被毁灭，但不能被打败。”一位老人孤身在海上捕鱼，八十四天一无所获，…,老人与海,https://a.dushu.com/img/n142.png
[日] ,《罗生门》讲述了一位被辞退的仆役和身为强盗的老妪在面对生死抉择之时，“以…,文学名家名著：罗生门（典藏纪念版）,https://a.dushu.com/img/n142.png
[日] ,1.日本文学大师夏目漱石用他老练的笔法塑造了一只冷眼观人、喜好吐槽的喵星人…,文学名家名著：我是猫（典藏纪念版）,https://a.dushu.com/img/n142.png
[法] 安东尼·圣埃克苏佩里 著，林秀清…,本书以一位飞行员作为故事叙述者，以来自外星球的小王子作为主人公，讲述了小…,小王子（中英双语精装版）,https://a.dushu.com/img/n142.png
[法] ,《巴黎圣母院》是法国作家雨果所著的长篇小说。巴黎圣母院副主教克洛德对吉卜…,巴黎圣母院（精装版）,https://a.dushu.com/img/n142.png
[法] ,这是一本莫泊桑的短篇小说精选集。莫泊桑与欧.亨利、契诃夫并称世界三大短篇…,羊脂球（精装版）,https://a.dushu.com/img/n142.png
（英）,《简.爱》是英国女作家夏洛蒂.勃朗特创作的长篇小说，是一部具有自传色彩的作…,简.爱,https://a.dushu.com/img/n142.png
（美）,《世界文学名著：小妇人（全译本）》以美国南北战争为背景，讲述了马奇一家人…,小妇人（全译本）,https://a.dushu.com/img/n142.png
（英）,《爱丽丝漫游奇境（全译本）/大悦读》由《爱丽丝漫游奇境》和《爱丽丝镜中奇…,爱丽丝漫游奇境（全译本 精）,https://a.dushu.com/img/n142.png
（英）,《鲁滨逊漂流记》（1719）的主要情节是有事实根据的：1704一1709年间，一个名…,鲁滨逊漂流记（全译本 精）,https://a.dushu.com/img/n142.png
（加）,《绿山墙的安妮（全译本）/大悦读》故事发生在加拿大偏僻的农村阿丰利的一所…,绿山墙的安妮（全译本 精）,https://a.dushu.com/img/n142.png
暂缺作者,《海底两万里》是法国著名作家儒勒&middot;凡尔纳的代表作之一，是“凡尔…,海底两万里,https://a.dushu.com/img/n142.png
暂缺作者,《绿山墙的安妮》是一部描写儿童生活的小说，也是一本可以让家长、老师和孩子…,绿山墙的安妮,https://a.dushu.com/img/n142.png
暂缺作者,这是一部集文学性、科学性和预言性为一体的杰作。凡尔纳以已有的科学成就和严…,地心游记,https://a.dushu.com/img/n142.png
[日] ,本书精选14篇谷崎润一郎早期的短篇小说代表作。谷崎的早期作品具有强烈的恶魔…,刺青,https://a.dushu.com/img/n142.png
孟宝跃,暂缺简介...,红楼梦与书法文化,https://a.dushu.com/img/n142.png
（法）儒勒·凡尔纳,暂缺简介...,海底两万里,https://a.dushu.com/img/n142.png
[法] ,《忏悔录》是卢梭晚年潜心创作的自传体小说。全书耗时四年，叙述了卢梭从出生…,忏悔录,https://a.dushu.com/img/n142.png
[法] ,《巨人传》通过叙述卡冈都亚和庞大固埃的出生、所受的教育及其丰功伟绩，阐明…,巨人传,https://a.dushu.com/img/n142.png
（美）弗吉尼亚·伍尔夫,《到灯塔去》由两部分组成：《到灯塔去》和《一间自己的房间》。《到灯塔去》…,到灯塔去,https://a.dushu.com/img/n142.png
吴承恩,小说生动叙述了唐僧、孙悟空、猪八戒、沙僧师徒四人，历尽艰险曲折，到达西天…,西游记（精读版）,https://a.dushu.com/img/n142.png
（明）施耐庵,暂缺简介...,水浒传（精读版）,https://a.dushu.com/img/n142.png
[瑞士] ,Friedrich D&uuml;rrenmatt ROMULUS DER GROSSE;EIN ENGEL KOMMT NACH B…,老妇还乡,https://a.dushu.com/img/n142.png
[美] ,★ 一部了不起的小说 ★ 在美国文学史上独树一帜 ★ 著名译者潘庆舲翻译 嘉利…,嘉莉妹妹,https://a.dushu.com/img/n142.png
 著,《罪与罚》（上下册）是一部卓越的社会心理小说，它的发表标志着陀思妥耶夫斯…,罪与罚（套装共2册）,https://a.dushu.com/img/n142.png
[美] 路易莎·梅·奥尔科特 著，贾…,《小妇人》是路易莎的半自传体小说，也是美国文学中脍炙人口的经典之作。美国…,小妇人,https://a.dushu.com/img/n142.png
[法] ,《约翰-克利斯朵夫》是罗曼&middot;罗兰的长篇小说代表作，通过约翰-克利…,约翰：克利斯朵夫（上下）,https://a.dushu.com/img/n142.png
[法] ,《吉尔&middot;布拉斯》，全名为《吉尔&middot;布拉斯&middot;德…,吉尔·布拉斯（修订版）,https://a.dushu.com/img/n142.png
大星文化 出品，[美] 马克·吐温 著，…,淘气包汤姆索亚，贪玩、叛逆，不爱上学，喜欢冒险，经常惹出各种各样的麻烦，…,汤姆·索亚历险记（青少年无障碍阅读版）,https://a.dushu.com/img/n142.png
[法] ,凡尔纳科幻经典代表作之一： 美国南北战争期间，有五个被困在南军城中的北方…,神秘岛,https://a.dushu.com/img/n142.png
[英] ,《傲慢与偏见》是一部长篇爱情小说，讲述了持有偏见的伊丽莎白与高冷傲慢的单…,傲慢与偏见（中文版）,https://a.dushu.com/img/n142.png
[奥] ,《卡夫卡小说精选》收录卡夫卡中短篇代表作，包括《法的门前》《关于譬喻》《…,卡夫卡小说精选（2019全新修订版）,https://a.dushu.com/img/n142.png
[奥] ,《一个陌生女人的来信》广为人知，曾被多次改编为电影和舞台剧。一个男子在4…,一个陌生女人的来信,https://a.dushu.com/img/n142.png
果麦文化 出品，[英] 夏洛蒂·勃朗特 …,暂缺简介...,简爱,https://a.dushu.com/img/n142.png
[英] 查尔斯·狄更斯 著，作家榜经典 …,暂缺简介...,作家榜经典：双城记,https://a.dushu.com/img/n142.png
（法）小仲马,暂缺简介...,茶花女,https://a.dushu.com/img/n142.png
（意大利）亚米契斯,暂缺简介...,爱的教育,https://a.dushu.com/img/n142.png
（英）勃朗特,暂缺简介...,简.爱,https://a.dushu.com/img/n142.png
[美] ,《老人与海（精装原版 彩插全译本名译世界名著 新版）》所塑造的“硬汉”形象…,老人与海,https://a.dushu.com/img/n142.png
[法] ,大仲马（1802-1870），法国著名通俗历史小说家。《基督山伯爵》是 他的代表作…,基督山伯爵（套装上下册 精装名译 原版全译本 新版）,https://a.dushu.com/img/n142.png
 著，,简&middot;爱是个孤女，她出生于一个穷牧师家庭。不久父母相继去世。　幼…,简·爱 夏洛蒂·勃朗特（精装名译 原版全译本简爱）,https://a.dushu.com/img/n142.png
[美] ,《飘》是美国女作家玛格丽特&middot;米切尔（1900—1949）十年磨一剑的作…,飘（套装上下册 精装名译 原版全译本 新版）,https://a.dushu.com/img/n142.png
[俄] ,《战争与和平》是世界文学史上的一部不朽名著，作品共四卷。作家以1812年拿破…,战争与和平（套装上下册 精装名译 原版全译本 新版）,https://a.dushu.com/img/n142.png
[英] ,一个不知来历的年轻孕妇昏倒在街上，人们把她送进了贫民收容院。第二天，她生…,雾都孤儿（精装名译 原版全译本 新版）,https://a.dushu.com/img/n142.png
